﻿<?xml version="1.0" encoding="utf-8"?><DEFECTS><DEFECT>
    <SFA>
      <FILEPATH>c:\users\irina\desktop\учёбка)0)))0)\курсач\i\i\</FILEPATH>
      <FILENAME>source.cpp</FILENAME>
      <LINE>62</LINE>
      <COLUMN>18</COLUMN>
    </SFA>
    <DEFECTCODE>28251</DEFECTCODE>
    <DESCRIPTION>Несогласованная аннотация для "WinMain": данный экземпляр содержит нет аннотаций. См. c:\program files (x86)\windows kits\8.1\include\um\winbase.h(905). </DESCRIPTION>
    <FUNCTION>WinMain</FUNCTION>
    <DECORATED>WinMain@16</DECORATED>
    <FUNCLINE>62</FUNCLINE>
    <PATH></PATH>
  </DEFECT><DEFECT>
    <SFA>
      <FILEPATH>c:\users\irina\desktop\учёбка)0)))0)\курсач\i\i\</FILEPATH>
      <FILENAME>source.cpp</FILENAME>
      <LINE>295</LINE>
      <COLUMN>10</COLUMN>
    </SFA>
    <DEFECTCODE>6031</DEFECTCODE>
    <DESCRIPTION>Возвращаемое значение пропущено: "sscanf".</DESCRIPTION>
    <FUNCTION>WndProc</FUNCTION>
    <DECORATED>?WndProc@@YGJPAUHWND__@@IIJ@Z</DECORATED>
    <FUNCLINE>265</FUNCLINE>
    <PATH></PATH>
  </DEFECT><DEFECT>
    <SFA>
      <FILEPATH>c:\users\irina\desktop\учёбка)0)))0)\курсач\i\i\</FILEPATH>
      <FILENAME>source.cpp</FILENAME>
      <LINE>297</LINE>
      <COLUMN>10</COLUMN>
    </SFA>
    <DEFECTCODE>6031</DEFECTCODE>
    <DESCRIPTION>Возвращаемое значение пропущено: "sscanf".</DESCRIPTION>
    <FUNCTION>WndProc</FUNCTION>
    <DECORATED>?WndProc@@YGJPAUHWND__@@IIJ@Z</DECORATED>
    <FUNCLINE>265</FUNCLINE>
    <PATH></PATH>
  </DEFECT><DEFECT>
    <SFA>
      <FILEPATH>c:\users\irina\desktop\учёбка)0)))0)\курсач\i\i\</FILEPATH>
      <FILENAME>source.cpp</FILENAME>
      <LINE>299</LINE>
      <COLUMN>10</COLUMN>
    </SFA>
    <DEFECTCODE>6031</DEFECTCODE>
    <DESCRIPTION>Возвращаемое значение пропущено: "sscanf".</DESCRIPTION>
    <FUNCTION>WndProc</FUNCTION>
    <DECORATED>?WndProc@@YGJPAUHWND__@@IIJ@Z</DECORATED>
    <FUNCLINE>265</FUNCLINE>
    <PATH></PATH>
  </DEFECT><DEFECT>
    <SFA>
      <FILEPATH>c:\users\irina\desktop\учёбка)0)))0)\курсач\i\i\</FILEPATH>
      <FILENAME>source.cpp</FILENAME>
      <LINE>301</LINE>
      <COLUMN>10</COLUMN>
    </SFA>
    <DEFECTCODE>6031</DEFECTCODE>
    <DESCRIPTION>Возвращаемое значение пропущено: "sscanf".</DESCRIPTION>
    <FUNCTION>WndProc</FUNCTION>
    <DECORATED>?WndProc@@YGJPAUHWND__@@IIJ@Z</DECORATED>
    <FUNCLINE>265</FUNCLINE>
    <PATH></PATH>
  </DEFECT></DEFECTS>